{
  "_note1": "KEEP THIS FILE! Check it into a version control system (VCS) like git.",
  "_note2": "ObjectBox manages crucial IDs for your object model. See docs for details.",
  "_note3": "If you have VCS merge conflicts, you must resolve them according to ObjectBox docs.",
  "entities": [
    {
      "id": "1:2312380529869918852",
      "lastPropertyId": "6:2616707537095600517",
      "name": "UserAccountEntity",
      "properties": [
        {
          "id": "2:8935402635139068629",
          "name": "id",
          "type": 6,
          "flags": 129
        },
        {
          "id": "3:3338168980972012110",
          "name": "loginName",
          "indexId": "1:9177577641245810274",
          "type": 9,
          "flags": 2080
        },
        {
          "id": "4:9215816898936996617",
          "name": "loginPassword",
          "type": 9
        }
      ],
      "relations": []
    },
    {
      "id": "2:4778480088802719991",
      "lastPropertyId": "5:2307170903947306182",
      "name": "SubscriptionEntity",
      "properties": [
        {
          "id": "1:8272572561211106474",
          "name": "id",
          "type": 6,
          "flags": 1
        },
        {
          "id": "2:1436076750736580229",
          "name": "serviceId",
          "type": 6,
          "flags": 4
        },
        {
          "id": "3:7418450975132552450",
          "name": "status",
          "type": 6,
          "flags": 2
        },
        {
          "id": "4:7381691834817454487",
          "name": "expirationDate",
          "type": 6,
          "flags": 2
        },
        {
          "id": "5:2307170903947306182",
          "name": "userAccountId",
          "indexId": "2:1094242775961301239",
          "type": 11,
          "flags": 1548,
          "relationTarget": "UserAccountEntity"
        }
      ],
      "relations": []
    },
    {
      "id": "3:8075741870348031678",
      "lastPropertyId": "8:3234189361878992317",
      "name": "TvChannelEntity",
      "properties": [
        {
          "id": "1:379076813861415241",
          "name": "id",
          "type": 6,
          "flags": 129
        },
        {
          "id": "2:3483540935700970322",
          "name": "logoUri",
          "type": 9
        },
        {
          "id": "3:1617835316810708729",
          "name": "title",
          "type": 9
        },
        {
          "id": "4:2233177869299910248",
          "name": "categoryId",
          "indexId": "12:7909725735252140180",
          "type": 6,
          "flags": 12
        },
        {
          "id": "5:8267310697452508319",
          "name": "number",
          "type": 5,
          "flags": 2
        },
        {
          "id": "7:4608737212600026591",
          "name": "liveId",
          "indexId": "13:4542820937942520741",
          "type": 11,
          "flags": 1548,
          "relationTarget": "TvProgramLiveEntity"
        },
        {
          "id": "8:3234189361878992317",
          "name": "featuresId",
          "indexId": "14:2296803544757172383",
          "type": 11,
          "flags": 1548,
          "relationTarget": "TvChannelFeaturesEntity"
        }
      ],
      "relations": []
    },
    {
      "id": "4:358898967036465",
      "lastPropertyId": "5:1235940815394675775",
      "name": "TvChannelCategoryEntity",
      "properties": [
        {
          "id": "1:7495814442517821611",
          "name": "id",
          "type": 6,
          "flags": 129
        },
        {
          "id": "2:2766783503794388819",
          "name": "title",
          "type": 9
        },
        {
          "id": "3:8358453925702231839",
          "name": "logoReference",
          "type": 9
        },
        {
          "id": "4:8076109827830152806",
          "name": "logoIconType",
          "type": 6,
          "flags": 2
        },
        {
          "id": "5:1235940815394675775",
          "name": "ordinal",
          "indexId": "33:3801068196188206420",
          "type": 5,
          "flags": 10
        }
      ],
      "relations": []
    },
    {
      "id": "5:496918075873641003",
      "lastPropertyId": "5:2500945875777442387",
      "name": "TvFavoriteChannelEntity",
      "properties": [
        {
          "id": "3:4419190903726179144",
          "name": "id",
          "type": 6,
          "flags": 1
        },
        {
          "id": "4:3302365689599221495",
          "name": "channelId",
          "type": 6,
          "flags": 4
        },
        {
          "id": "5:2500945875777442387",
          "name": "userLoginName",
          "type": 9
        }
      ],
      "relations": []
    },
    {
      "id": "6:8776651702300036457",
      "lastPropertyId": "3:1477736767508925401",
      "name": "DeviceModelOptionEntity",
      "properties": [
        {
          "id": "1:5207556220975310350",
          "name": "id",
          "type": 6,
          "flags": 1
        },
        {
          "id": "3:1477736767508925401",
          "name": "modelId",
          "type": 9
        }
      ],
      "relations": []
    },
    {
      "id": "7:3767975599030125300",
      "lastPropertyId": "4:1655810094664136975",
      "name": "RemoteControlKeyEntity",
      "properties": [
        {
          "id": "1:176463583769594142",
          "name": "id",
          "type": 6,
          "flags": 1
        },
        {
          "id": "2:3063911191913087697",
          "name": "function",
          "type": 6,
          "flags": 2
        },
        {
          "id": "3:6623669695489787601",
          "name": "keyCode",
          "type": 5,
          "flags": 4
        },
        {
          "id": "4:1655810094664136975",
          "name": "deviceId",
          "indexId": "4:2870867724284677301",
          "type": 11,
          "flags": 1548,
          "relationTarget": "DeviceModelOptionEntity"
        }
      ],
      "relations": []
    },
    {
      "id": "8:5135359382625468189",
      "lastPropertyId": "11:16097085860536194",
      "name": "ServiceSettingsEntity",
      "properties": [
        {
          "id": "1:8838736963489183946",
          "name": "id",
          "type": 6,
          "flags": 131
        },
        {
          "id": "2:5537856500777983444",
          "name": "scopeTypeOrdinal",
          "type": 5,
          "flags": 2
        },
        {
          "id": "3:6628255334689868637",
          "name": "scopeId",
          "type": 6,
          "flags": 2
        },
        {
          "id": "4:5388988412134702651",
          "name": "accountId",
          "type": 6,
          "flags": 2
        },
        {
          "id": "5:2109877203146723897",
          "name": "serverId",
          "indexId": "5:381313535510954795",
          "type": 11,
          "flags": 1548,
          "relationTarget": "ServerOptionEntity"
        },
        {
          "id": "6:4323132300512392326",
          "name": "languageId",
          "indexId": "6:416891327484079120",
          "type": 11,
          "flags": 1548,
          "relationTarget": "LanguageOptionEntity"
        },
        {
          "id": "7:7446864326837710061",
          "name": "deviceId",
          "indexId": "7:8476745212185634466",
          "type": 11,
          "flags": 1548,
          "relationTarget": "DeviceModelOptionEntity"
        },
        {
          "id": "8:4609171371022349044",
          "name": "features",
          "type": 9
        },
        {
          "id": "9:8237589275805630545",
          "name": "bitrate",
          "type": 5,
          "flags": 2
        },
        {
          "id": "10:6996497145851803322",
          "name": "cacheSize",
          "type": 6,
          "flags": 2
        },
        {
          "id": "11:16097085860536194",
          "name": "apiId",
          "indexId": "58:5782709414175139397",
          "type": 11,
          "flags": 1548,
          "relationTarget": "ApiServerOptionEntity"
        }
      ],
      "relations": []
    },
    {
      "id": "9:5113139528922807573",
      "lastPropertyId": "3:6744282245704094407",
      "name": "LanguageOptionEntity",
      "properties": [
        {
          "id": "1:429004855453889308",
          "name": "id",
          "type": 6,
          "flags": 1
        },
        {
          "id": "2:8151271620258672731",
          "name": "code",
          "indexId": "8:791570167131944043",
          "type": 9,
          "flags": 2080
        },
        {
          "id": "3:6744282245704094407",
          "name": "name",
          "indexId": "9:3876775973009155870",
          "type": 9,
          "flags": 2080
        }
      ],
      "relations": []
    },
    {
      "id": "10:4641782745047131909",
      "lastPropertyId": "4:4861352893714965726",
      "name": "ServerOptionEntity",
      "properties": [
        {
          "id": "1:1530171851710155980",
          "name": "id",
          "type": 6,
          "flags": 1
        },
        {
          "id": "2:1651837254093406598",
          "name": "reference",
          "type": 9
        },
        {
          "id": "3:3123752031583329388",
          "name": "title",
          "type": 9
        },
        {
          "id": "4:4861352893714965726",
          "name": "description",
          "type": 9
        }
      ],
      "relations": []
    },
    {
      "id": "12:8544989341801515503",
      "lastPropertyId": "6:4928467624279821840",
      "name": "TvChannelFeaturesEntity",
      "properties": [
        {
          "id": "2:7027944886358942848",
          "name": "hasArchive",
          "type": 1,
          "flags": 4
        },
        {
          "id": "3:3472676058926381800",
          "name": "hasSchedule",
          "type": 1,
          "flags": 4
        },
        {
          "id": "4:7352808030062817085",
          "name": "isPasswordProtected",
          "type": 1,
          "flags": 4
        },
        {
          "id": "5:5733608369413208784",
          "name": "hasMultipleLanguageAudioTracks",
          "type": 1,
          "flags": 4
        },
        {
          "id": "6:4928467624279821840",
          "name": "id",
          "type": 6,
          "flags": 1
        }
      ],
      "relations": []
    },
    {
      "id": "13:4603470194573394471",
      "lastPropertyId": "6:3829018553352454133",
      "name": "TvProgramLiveEntity",
      "properties": [
        {
          "id": "2:5856945263369319259",
          "name": "startMillis",
          "type": 6,
          "flags": 2
        },
        {
          "id": "3:1719470743826349875",
          "name": "endMillis",
          "type": 6,
          "flags": 2
        },
        {
          "id": "4:6193492200518753758",
          "name": "title",
          "type": 9
        },
        {
          "id": "5:7494556975304397512",
          "name": "description",
          "type": 9
        },
        {
          "id": "6:3829018553352454133",
          "name": "id",
          "type": 6,
          "flags": 1
        }
      ],
      "relations": []
    },
    {
      "id": "14:5719767438563060086",
      "lastPropertyId": "3:7563215708925638111",
      "name": "TvChannelIndexEntity",
      "properties": [
        {
          "id": "1:2028794186714719264",
          "name": "id",
          "type": 6,
          "flags": 129
        },
        {
          "id": "2:4685299920754800124",
          "name": "categoryId",
          "indexId": "17:6561147895439641340",
          "type": 6,
          "flags": 12
        },
        {
          "id": "3:7563215708925638111",
          "name": "channelId",
          "type": 6,
          "flags": 4
        }
      ],
      "relations": []
    },
    {
      "id": "15:8752597431670159393",
      "lastPropertyId": "8:6967861054550988539",
      "name": "TvPlayCursorEntity",
      "properties": [
        {
          "id": "1:8764290582560222895",
          "name": "id",
          "type": 6,
          "flags": 1
        },
        {
          "id": "2:4312836757774786326",
          "name": "userLoginName",
          "type": 9
        },
        {
          "id": "3:2447692209490473117",
          "name": "categoryId",
          "indexId": "18:517081611603053490",
          "type": 6,
          "flags": 12
        },
        {
          "id": "6:3590514220661434165",
          "name": "timeStamp",
          "indexId": "21:7000938320671859901",
          "type": 6,
          "flags": 12
        },
        {
          "id": "7:3162344671220205707",
          "name": "seekTime",
          "type": 6,
          "flags": 4
        },
        {
          "id": "8:6967861054550988539",
          "name": "playbackId",
          "indexId": "22:6596896660096903854",
          "type": 11,
          "flags": 1548,
          "relationTarget": "TvPlaybackEntity"
        }
      ],
      "relations": []
    },
    {
      "id": "16:8238036204980077217",
      "lastPropertyId": "11:4568988606547413493",
      "name": "TvPlaybackEntity",
      "properties": [
        {
          "id": "1:1722509941029717754",
          "name": "id",
          "type": 6,
          "flags": 1
        },
        {
          "id": "3:4858863288170945692",
          "name": "programId",
          "indexId": "24:5205580643577394379",
          "type": 6,
          "flags": 12
        },
        {
          "id": "4:7782787530644057202",
          "name": "start",
          "type": 6,
          "flags": 4
        },
        {
          "id": "5:2540253548295139811",
          "name": "end",
          "type": 6,
          "flags": 4
        },
        {
          "id": "6:1181947344250500784",
          "name": "title",
          "type": 9
        },
        {
          "id": "7:6597272251044865833",
          "name": "description",
          "type": 9
        },
        {
          "id": "8:5880834624398149995",
          "name": "streamUri",
          "type": 9
        },
        {
          "id": "9:1544790841200149238",
          "name": "channelId",
          "indexId": "28:3039251026749192025",
          "type": 6,
          "flags": 12
        },
        {
          "id": "10:6840564068611808380",
          "name": "streamKind",
          "type": 5,
          "flags": 2
        },
        {
          "id": "11:4568988606547413493",
          "name": "subtitlesUri",
          "type": 9
        }
      ],
      "relations": []
    },
    {
      "id": "17:594264724552488769",
      "lastPropertyId": "11:6147095336781774409",
      "name": "TvVideoStreamEntity",
      "properties": [
        {
          "id": "1:2690790854097404782",
          "name": "id",
          "type": 6,
          "flags": 1
        },
        {
          "id": "2:1183063380375337145",
          "name": "channelId",
          "indexId": "25:1918555232089550668",
          "type": 6,
          "flags": 12
        },
        {
          "id": "3:4137812173423940146",
          "name": "programId",
          "indexId": "26:5381731626221289121",
          "type": 6,
          "flags": 12
        },
        {
          "id": "4:5482954632245150224",
          "name": "streamUri",
          "type": 9
        },
        {
          "id": "5:1435668933541201048",
          "name": "timeStamp",
          "indexId": "27:1804460655491060421",
          "type": 6,
          "flags": 12
        },
        {
          "id": "6:4792058008975162209",
          "name": "start",
          "type": 6,
          "flags": 4
        },
        {
          "id": "7:7659818133476799341",
          "name": "end",
          "type": 6,
          "flags": 4
        },
        {
          "id": "8:1488699489362163237",
          "name": "title",
          "type": 9
        },
        {
          "id": "9:1009558917119465339",
          "name": "accessCode",
          "type": 9
        },
        {
          "id": "10:4734518235207474242",
          "name": "streamKind",
          "type": 5,
          "flags": 2
        },
        {
          "id": "11:6147095336781774409",
          "name": "subtitlesUri",
          "type": 9
        }
      ],
      "relations": []
    },
    {
      "id": "18:3638758981994868413",
      "lastPropertyId": "8:4062539708096820805",
      "name": "TvProgramIssueEntity",
      "properties": [
        {
          "id": "1:7432639804946838458",
          "name": "id",
          "type": 6,
          "flags": 1
        },
        {
          "id": "2:6097056796562735967",
          "name": "channelId",
          "indexId": "29:1466990081738266782",
          "type": 6,
          "flags": 12
        },
        {
          "id": "3:7615342882195905881",
          "name": "programId",
          "indexId": "31:7764571307202757854",
          "type": 6,
          "flags": 10
        },
        {
          "id": "4:6540083419356226741",
          "name": "startMillis",
          "indexId": "30:1387462481266347576",
          "type": 6,
          "flags": 10
        },
        {
          "id": "5:145394845624178057",
          "name": "endMillis",
          "type": 6,
          "flags": 2
        },
        {
          "id": "6:2352724006041515467",
          "name": "title",
          "type": 9
        },
        {
          "id": "7:161681020973353572",
          "name": "description",
          "type": 9
        },
        {
          "id": "8:4062539708096820805",
          "name": "scheduleId",
          "indexId": "32:4673249837582768857",
          "type": 6,
          "flags": 10
        }
      ],
      "relations": []
    },
    {
      "id": "19:5398649960296256770",
      "lastPropertyId": "8:415511494137573339",
      "name": "TvBrowseCursorEntity",
      "properties": [
        {
          "id": "1:43290567578883495",
          "name": "id",
          "type": 6,
          "flags": 1
        },
        {
          "id": "2:3218254550344696796",
          "name": "userLoginName",
          "type": 9
        },
        {
          "id": "3:6488058140890580177",
          "name": "categoryId",
          "type": 6,
          "flags": 4
        },
        {
          "id": "4:7174699307006457281",
          "name": "channelId",
          "type": 6,
          "flags": 4
        },
        {
          "id": "5:6309582334665934657",
          "name": "scheduleDate",
          "type": 6,
          "flags": 2
        },
        {
          "id": "6:1180859313982828362",
          "name": "programId",
          "type": 6,
          "flags": 4
        },
        {
          "id": "7:1457461304638611690",
          "name": "page",
          "type": 6,
          "flags": 2
        },
        {
          "id": "8:415511494137573339",
          "name": "timeStamp",
          "type": 6,
          "flags": 4
        }
      ],
      "relations": []
    },
    {
      "id": "20:7168401301432301296",
      "lastPropertyId": "4:1719013907313559913",
      "name": "VodGenreEntity",
      "properties": [
        {
          "id": "1:9044353483120843953",
          "name": "id",
          "type": 6,
          "flags": 1
        },
        {
          "id": "2:9201946842050963884",
          "name": "title",
          "type": 9
        },
        {
          "id": "3:6981210280216927075",
          "name": "vodAttributesId",
          "indexId": "40:6367259222617951152",
          "type": 11,
          "flags": 1548,
          "relationTarget": "VodAttributesEntity"
        },
        {
          "id": "4:1719013907313559913",
          "name": "genreId",
          "type": 6,
          "flags": 2
        }
      ],
      "relations": []
    },
    {
      "id": "21:8060340071404557538",
      "lastPropertyId": "4:5199190248621406414",
      "name": "VodCreditEntity",
      "properties": [
        {
          "id": "1:982538332050458633",
          "name": "id",
          "type": 6,
          "flags": 1
        },
        {
          "id": "2:4831473475183065359",
          "name": "name",
          "type": 9
        },
        {
          "id": "3:8944761628466114878",
          "name": "role",
          "type": 5,
          "flags": 2
        },
        {
          "id": "4:5199190248621406414",
          "name": "vodAttributesId",
          "indexId": "41:7419983982913739460",
          "type": 11,
          "flags": 1548,
          "relationTarget": "VodAttributesEntity"
        }
      ],
      "relations": []
    },
    {
      "id": "22:3930932325940457608",
      "lastPropertyId": "3:3899621159052561994",
      "name": "VideoSerialEntity",
      "properties": [
        {
          "id": "1:4418924042387375618",
          "name": "id",
          "type": 6,
          "flags": 129
        },
        {
          "id": "2:9211895980091143785",
          "name": "title",
          "type": 9
        },
        {
          "id": "3:3899621159052561994",
          "name": "description",
          "type": 9
        }
      ],
      "relations": []
    },
    {
      "id": "23:381104293907546963",
      "lastPropertyId": "5:8633462430487223375",
      "name": "VodUnitEntity",
      "properties": [
        {
          "id": "1:1183116420415391169",
          "name": "id",
          "type": 6,
          "flags": 129
        },
        {
          "id": "2:7701758594899359126",
          "name": "title",
          "type": 9
        },
        {
          "id": "3:1917094191045340987",
          "name": "total",
          "type": 5,
          "flags": 2
        },
        {
          "id": "4:2858449051014248236",
          "name": "sectionId",
          "indexId": "34:2128924149427001861",
          "type": 11,
          "flags": 1548,
          "relationTarget": "VodSectionEntity"
        },
        {
          "id": "5:8633462430487223375",
          "name": "ordinal",
          "type": 5,
          "flags": 2
        }
      ],
      "relations": []
    },
    {
      "id": "24:8745230614053688247",
      "lastPropertyId": "8:8232063287238100401",
      "name": "VodAttributesEntity",
      "properties": [
        {
          "id": "1:6632171492550877892",
          "name": "id",
          "type": 6,
          "flags": 1
        },
        {
          "id": "2:3207106237442895126",
          "name": "durationMillis",
          "type": 6,
          "flags": 2
        },
        {
          "id": "3:437259699877145363",
          "name": "year",
          "type": 9
        },
        {
          "id": "4:1485506018363677601",
          "name": "country",
          "type": 9
        },
        {
          "id": "5:1330141973623907260",
          "name": "quality",
          "type": 9
        },
        {
          "id": "6:8510618636054739586",
          "name": "ageLimit",
          "type": 9
        },
        {
          "id": "7:5709284914778700635",
          "name": "kinopoiskRate",
          "type": 9
        },
        {
          "id": "8:8232063287238100401",
          "name": "imdbRate",
          "type": 9
        }
      ],
      "relations": []
    },
    {
      "id": "25:7997949683414172146",
      "lastPropertyId": "8:3522932223917628373",
      "name": "VideoSeriesEntity",
      "properties": [
        {
          "id": "1:3674541880724453535",
          "name": "id",
          "type": 6,
          "flags": 129
        },
        {
          "id": "2:9202737219024015645",
          "name": "season",
          "type": 5,
          "flags": 2
        },
        {
          "id": "3:6890484268157957820",
          "name": "episode",
          "type": 5,
          "flags": 2
        },
        {
          "id": "4:520635728008398237",
          "name": "title",
          "type": 9
        },
        {
          "id": "5:3035566251439651639",
          "name": "description",
          "type": 9
        },
        {
          "id": "6:5912544136464389415",
          "name": "uri",
          "type": 9
        },
        {
          "id": "7:5219031813755866353",
          "name": "durationMillis",
          "type": 6,
          "flags": 2
        },
        {
          "id": "8:3522932223917628373",
          "name": "videoSerialId",
          "indexId": "42:6804155434150897789",
          "type": 11,
          "flags": 1548,
          "relationTarget": "VideoSerialEntity"
        }
      ],
      "relations": []
    },
    {
      "id": "26:537017461013989185",
      "lastPropertyId": "6:1586245736197474052",
      "name": "VodTrackEntity",
      "properties": [
        {
          "id": "1:5225178200767402782",
          "name": "id",
          "type": 6,
          "flags": 1
        },
        {
          "id": "2:2067102219879272886",
          "name": "type",
          "type": 5,
          "flags": 2
        },
        {
          "id": "3:3807747620305518974",
          "name": "languageCode",
          "type": 9
        },
        {
          "id": "4:283883688257329969",
          "name": "title",
          "type": 9
        },
        {
          "id": "5:7259540087933104003",
          "name": "videoSingleId",
          "indexId": "43:505815902518757519",
          "type": 11,
          "flags": 1548,
          "relationTarget": "VideoSingleEntity"
        },
        {
          "id": "6:1586245736197474052",
          "name": "videoSeriesId",
          "indexId": "44:9172535708815625057",
          "type": 11,
          "flags": 1548,
          "relationTarget": "VideoSeriesEntity"
        }
      ],
      "relations": []
    },
    {
      "id": "27:3549092460836633083",
      "lastPropertyId": "8:3877505357039786333",
      "name": "VodListingPageEntity",
      "properties": [
        {
          "id": "1:2474075452856602484",
          "name": "id",
          "type": 6,
          "flags": 1
        },
        {
          "id": "2:1647299828497930447",
          "name": "sectionId",
          "type": 6,
          "flags": 2
        },
        {
          "id": "3:630304820279384599",
          "name": "unitId",
          "type": 6,
          "flags": 2
        },
        {
          "id": "4:2363230992762715182",
          "name": "total",
          "type": 5,
          "flags": 2
        },
        {
          "id": "7:483585474653745176",
          "name": "timeStamp",
          "type": 6,
          "flags": 2
        },
        {
          "id": "8:3877505357039786333",
          "name": "start",
          "type": 5,
          "flags": 4
        }
      ],
      "relations": []
    },
    {
      "id": "28:1509122092974179466",
      "lastPropertyId": "3:1565816807122317889",
      "name": "VodPosterEntity",
      "properties": [
        {
          "id": "1:8515861596605843108",
          "name": "id",
          "type": 6,
          "flags": 1
        },
        {
          "id": "2:4168094995599670814",
          "name": "uri",
          "type": 9
        },
        {
          "id": "3:1565816807122317889",
          "name": "videoSingleId",
          "indexId": "45:8344569108544303789",
          "type": 11,
          "flags": 1548,
          "relationTarget": "VodListingItemEntity"
        }
      ],
      "relations": []
    },
    {
      "id": "29:4575891197919757315",
      "lastPropertyId": "11:3389448709169554792",
      "name": "VodListingItemEntity",
      "properties": [
        {
          "id": "1:7765078796293374354",
          "name": "id",
          "type": 6,
          "flags": 129
        },
        {
          "id": "4:6198898083637809778",
          "name": "title",
          "type": 9
        },
        {
          "id": "5:8952519605971827546",
          "name": "description",
          "type": 9
        },
        {
          "id": "6:1263898192621806523",
          "name": "timeStamp",
          "type": 6,
          "flags": 2
        },
        {
          "id": "7:6053612642730575572",
          "name": "videoSingleId",
          "indexId": "36:2892440151936440011",
          "type": 11,
          "flags": 1548,
          "relationTarget": "VideoSingleEntity"
        },
        {
          "id": "8:1452941178705169688",
          "name": "videoSerialId",
          "indexId": "37:183646972293453505",
          "type": 11,
          "flags": 1548,
          "relationTarget": "VideoSerialEntity"
        },
        {
          "id": "9:548633048969276147",
          "name": "attributesId",
          "indexId": "38:8979470319881174983",
          "type": 11,
          "flags": 1548,
          "relationTarget": "VodAttributesEntity"
        }
      ],
      "relations": [
        {
          "id": "8:346666512790390165",
          "name": "listingPages",
          "targetId": "27:3549092460836633083"
        }
      ]
    },
    {
      "id": "30:5812511921231181247",
      "lastPropertyId": "5:7071521175427938846",
      "name": "VodSectionEntity",
      "properties": [
        {
          "id": "1:6853872044947642933",
          "name": "id",
          "type": 6,
          "flags": 129
        },
        {
          "id": "2:6913521803363908554",
          "name": "title",
          "type": 9
        },
        {
          "id": "3:8620823452049231218",
          "name": "directoryId",
          "indexId": "39:2986437080438987218",
          "type": 11,
          "flags": 1548,
          "relationTarget": "VodDirectoryEntity"
        },
        {
          "id": "4:1691000487157221426",
          "name": "ordinal",
          "type": 5,
          "flags": 2
        },
        {
          "id": "5:7071521175427938846",
          "name": "isSectionSubstitute",
          "type": 1,
          "flags": 2
        }
      ],
      "relations": []
    },
    {
      "id": "31:2335080230581621871",
      "lastPropertyId": "2:2420240509403217756",
      "name": "VodDirectoryEntity",
      "properties": [
        {
          "id": "1:5847837863430592736",
          "name": "id",
          "type": 6,
          "flags": 129
        },
        {
          "id": "2:2420240509403217756",
          "name": "timeStamp",
          "type": 6,
          "flags": 2
        }
      ],
      "relations": []
    },
    {
      "id": "32:8176934378581559692",
      "lastPropertyId": "5:8680591761530569871",
      "name": "VideoSingleEntity",
      "properties": [
        {
          "id": "1:1427482013694992008",
          "name": "id",
          "type": 6,
          "flags": 129
        },
        {
          "id": "2:6312266886114247459",
          "name": "title",
          "type": 9
        },
        {
          "id": "3:3223111547054855575",
          "name": "description",
          "type": 9
        },
        {
          "id": "4:6855765236466854158",
          "name": "uri",
          "type": 9
        },
        {
          "id": "5:8680591761530569871",
          "name": "durationMillis",
          "type": 6,
          "flags": 2
        }
      ],
      "relations": []
    },
    {
      "id": "33:3062485260046791997",
      "lastPropertyId": "5:1436700358241970760",
      "name": "VodVideoSingleStreamEntity",
      "properties": [
        {
          "id": "1:8652862819913446612",
          "name": "id",
          "type": 6,
          "flags": 1
        },
        {
          "id": "2:1139311255074892061",
          "name": "vodItemId",
          "indexId": "47:6463028497071008928",
          "type": 6,
          "flags": 10
        },
        {
          "id": "3:7141726941555601466",
          "name": "streamUri",
          "type": 9
        },
        {
          "id": "4:4949321700008975450",
          "name": "subtitlesUri",
          "type": 9
        },
        {
          "id": "5:1436700358241970760",
          "name": "timeStamp",
          "indexId": "48:7572790911526960789",
          "type": 6,
          "flags": 12
        }
      ],
      "relations": []
    },
    {
      "id": "34:9009704069572706058",
      "lastPropertyId": "5:4325608271716879044",
      "name": "VodVideoSeriesStreamEntity",
      "properties": [
        {
          "id": "1:1215605847906778430",
          "name": "id",
          "type": 6,
          "flags": 1
        },
        {
          "id": "2:2595184585407850077",
          "name": "seriesId",
          "indexId": "49:6393554250015766843",
          "type": 6,
          "flags": 10
        },
        {
          "id": "3:1485082704914869222",
          "name": "streamUri",
          "type": 9
        },
        {
          "id": "4:7799468209231201329",
          "name": "subtitlesUri",
          "type": 9
        },
        {
          "id": "5:4325608271716879044",
          "name": "timeStamp",
          "indexId": "50:5644433031206063983",
          "type": 6,
          "flags": 12
        }
      ],
      "relations": []
    },
    {
      "id": "35:4658573004540635929",
      "lastPropertyId": "8:2072034641379157400",
      "name": "VodBrowseCursorEntity",
      "properties": [
        {
          "id": "1:3258566456618465181",
          "name": "id",
          "type": 6,
          "flags": 1
        },
        {
          "id": "2:2988014339845419200",
          "name": "userLoginName",
          "type": 9
        },
        {
          "id": "3:3403624675353112554",
          "name": "sectionId",
          "type": 6,
          "flags": 4
        },
        {
          "id": "4:2887994996269242111",
          "name": "unitId",
          "type": 6,
          "flags": 4
        },
        {
          "id": "5:1024168739207189064",
          "name": "itemId",
          "type": 6,
          "flags": 4
        },
        {
          "id": "6:2911972248416910348",
          "name": "itemPosition",
          "type": 5,
          "flags": 4
        },
        {
          "id": "7:1466517870923192668",
          "name": "page",
          "type": 6,
          "flags": 2
        },
        {
          "id": "8:2072034641379157400",
          "name": "timeStamp",
          "type": 6,
          "flags": 4
        }
      ],
      "relations": []
    },
    {
      "id": "36:1547104286536229889",
      "lastPropertyId": "4:7932773347020429433",
      "name": "VodListingOrderEntity",
      "properties": [
        {
          "id": "1:6536282946438622865",
          "name": "id",
          "type": 6,
          "flags": 1
        },
        {
          "id": "2:5561995532221295739",
          "name": "pageId",
          "indexId": "51:2494510813746546355",
          "type": 6,
          "flags": 10
        },
        {
          "id": "3:5686109748590694825",
          "name": "itemId",
          "indexId": "52:4970941488983298084",
          "type": 6,
          "flags": 10
        },
        {
          "id": "4:7932773347020429433",
          "name": "ordinal",
          "type": 5,
          "flags": 2
        }
      ],
      "relations": []
    },
    {
      "id": "37:8764564327956087967",
      "lastPropertyId": "12:2736819797569780304",
      "name": "VodPlaybackEntity",
      "properties": [
        {
          "id": "1:8453651474610437639",
          "name": "id",
          "type": 6,
          "flags": 1
        },
        {
          "id": "2:5606373629522606063",
          "name": "sectionId",
          "indexId": "53:7375814041766020058",
          "type": 6,
          "flags": 12
        },
        {
          "id": "3:3970666901059451806",
          "name": "unitId",
          "indexId": "54:7728162936759322612",
          "type": 6,
          "flags": 12
        },
        {
          "id": "4:3546225181673014196",
          "name": "itemId",
          "indexId": "55:3235253747118876609",
          "type": 6,
          "flags": 12
        },
        {
          "id": "5:5008615100362603373",
          "name": "seriesId",
          "type": 6,
          "flags": 2
        },
        {
          "id": "6:3658293365801188760",
          "name": "title",
          "type": 9
        },
        {
          "id": "7:6175630318202573829",
          "name": "description",
          "type": 9
        },
        {
          "id": "8:4619231556034214900",
          "name": "season",
          "type": 5,
          "flags": 2
        },
        {
          "id": "9:8687037061482500108",
          "name": "series",
          "type": 5,
          "flags": 2
        },
        {
          "id": "10:3232836527269107759",
          "name": "streamUri",
          "type": 9
        },
        {
          "id": "11:5665759766531187992",
          "name": "streamKind",
          "type": 5,
          "flags": 2
        },
        {
          "id": "12:2736819797569780304",
          "name": "subtitlesUri",
          "type": 9
        }
      ],
      "relations": []
    },
    {
      "id": "38:3271201435517240985",
      "lastPropertyId": "5:6141037087555741648",
      "name": "VodPlayCursorEntity",
      "properties": [
        {
          "id": "1:6183701472079531360",
          "name": "id",
          "type": 6,
          "flags": 1
        },
        {
          "id": "2:4106011858446727758",
          "name": "userLoginName",
          "type": 9
        },
        {
          "id": "3:3565470826592345703",
          "name": "timeStamp",
          "indexId": "56:327926535328677499",
          "type": 6,
          "flags": 12
        },
        {
          "id": "4:8456581990836547331",
          "name": "seekTime",
          "type": 6,
          "flags": 4
        },
        {
          "id": "5:6141037087555741648",
          "name": "playbackId",
          "indexId": "57:4661512080174886863",
          "type": 11,
          "flags": 1548,
          "relationTarget": "VodPlaybackEntity"
        }
      ],
      "relations": []
    },
    {
      "id": "39:765127283403235091",
      "lastPropertyId": "2:1792581918115813936",
      "name": "HttpCacheSizeOptionEntity",
      "properties": [
        {
          "id": "1:4606752602304185171",
          "name": "id",
          "type": 6,
          "flags": 1
        },
        {
          "id": "2:1792581918115813936",
          "name": "value",
          "type": 5,
          "flags": 4
        }
      ],
      "relations": []
    },
    {
      "id": "40:4853999498643750516",
      "lastPropertyId": "3:1245899242890122186",
      "name": "StreamBitrateOptionEntity",
      "properties": [
        {
          "id": "1:4563486457412205519",
          "name": "id",
          "type": 6,
          "flags": 1
        },
        {
          "id": "2:4009314970617996904",
          "name": "value",
          "type": 5,
          "flags": 4
        },
        {
          "id": "3:1245899242890122186",
          "name": "title",
          "type": 9
        }
      ],
      "relations": []
    },
    {
      "id": "41:3749392671675257075",
      "lastPropertyId": "3:7502179772565777047",
      "name": "ApiServerOptionEntity",
      "properties": [
        {
          "id": "1:3187979791218905613",
          "name": "id",
          "type": 6,
          "flags": 1
        },
        {
          "id": "2:1183592536018266022",
          "name": "title",
          "type": 9
        },
        {
          "id": "3:7502179772565777047",
          "name": "baseUrl",
          "type": 9
        }
      ],
      "relations": []
    }
  ],
  "lastEntityId": "41:3749392671675257075",
  "lastIndexId": "58:5782709414175139397",
  "lastRelationId": "8:346666512790390165",
  "lastSequenceId": "0:0",
  "modelVersion": 5,
  "modelVersionParserMinimum": 5,
  "retiredEntityUids": [
    4806836590412894734
  ],
  "retiredIndexUids": [
    578982744183955796,
    2616022097780059776,
    6760094197675018877,
    4710588344945474793,
    7764979993992228997,
    2187969593749072192,
    2922034967181324700,
    5782574556914128443,
    2089400378575079551,
    3118232057476655731
  ],
  "retiredPropertyUids": [
    6905912384517656670,
    3296976293602802684,
    2616707537095600517,
    7845254038162417177,
    687191689473975124,
    1213164237547574928,
    4062720676619842432,
    9098303551122431368,
    7822730864353431222,
    7333532046463637694,
    3806057511361152402,
    749215639226195671,
    819356239654352286,
    1486320700742547207,
    2535526855586482692,
    6260830418622603633,
    7882763238584271585,
    4923632791063091341,
    924174076065801808,
    311508341229991225,
    6677953404487234715,
    6766023372869130699,
    265122040888605248,
    5871166495759036891,
    4873095731442115217,
    5269114227209548764,
    3389448709169554792
  ],
  "retiredRelationUids": [
    661188029526077298,
    8460982835405050096,
    8648360968212526695,
    6842970005434727794,
    4944362682195960614,
    5317604444773745010,
    7747080991329789927
  ],
  "version": 1
}