{
  "_note1": "KEEP THIS FILE! Check it into a version control system (VCS) like git.",
  "_note2": "ObjectBox manages crucial IDs for your object model. See docs for details.",
  "_note3": "If you have VCS merge conflicts, you must resolve them according to ObjectBox docs.",
  "entities": [
    {
      "id": "1:4041387847850872728",
      "lastPropertyId": "2:799575214335296380",
      "name": "HttpCacheSizeOptionEntity",
      "properties": [
        {
          "id": "1:378102998950104605",
          "name": "id",
          "type": 6,
          "flags": 1
        },
        {
          "id": "2:799575214335296380",
          "name": "value",
          "type": 5,
          "flags": 4
        }
      ],
      "relations": []
    },
    {
      "id": "2:4273872175375814721",
      "lastPropertyId": "3:301197236843829767",
      "name": "StreamBitrateOptionEntity",
      "properties": [
        {
          "id": "1:6535539686114770323",
          "name": "id",
          "type": 6,
          "flags": 1
        },
        {
          "id": "2:584913609679933431",
          "name": "value",
          "type": 5,
          "flags": 4
        },
        {
          "id": "3:301197236843829767",
          "name": "title",
          "type": 9
        }
      ],
      "relations": []
    },
    {
      "id": "3:4628177879816309514",
      "lastPropertyId": "3:3398127744779518175",
      "name": "ApiServerOptionEntity",
      "properties": [
        {
          "id": "1:5794060927363382607",
          "name": "id",
          "type": 6,
          "flags": 1
        },
        {
          "id": "2:3314687393931905120",
          "name": "title",
          "type": 9
        },
        {
          "id": "3:3398127744779518175",
          "name": "baseUrl",
          "type": 9
        }
      ],
      "relations": []
    },
    {
      "id": "4:4207843353986429191",
      "lastPropertyId": "2:1946681531814137725",
      "name": "DeviceModelOptionEntity",
      "properties": [
        {
          "id": "1:5430018532929830664",
          "name": "id",
          "type": 6,
          "flags": 1
        },
        {
          "id": "2:1946681531814137725",
          "name": "modelId",
          "type": 9
        }
      ],
      "relations": []
    },
    {
      "id": "5:7751813188387084464",
      "lastPropertyId": "4:3571964778781082772",
      "name": "RemoteControlKeyEntity",
      "properties": [
        {
          "id": "1:7030718027988550482",
          "name": "id",
          "type": 6,
          "flags": 1
        },
        {
          "id": "2:5915946036708448522",
          "name": "function",
          "type": 6,
          "flags": 2
        },
        {
          "id": "3:4554752367442967004",
          "name": "keyCode",
          "type": 5,
          "flags": 4
        },
        {
          "id": "4:3571964778781082772",
          "name": "deviceId",
          "indexId": "1:8134910025296690162",
          "type": 11,
          "flags": 1548,
          "relationTarget": "DeviceModelOptionEntity"
        }
      ],
      "relations": []
    },
    {
      "id": "6:660896416742024583",
      "lastPropertyId": "3:3467890500294046770",
      "name": "LanguageOptionEntity",
      "properties": [
        {
          "id": "1:1771160168703972183",
          "name": "id",
          "type": 6,
          "flags": 1
        },
        {
          "id": "2:5994276717331087324",
          "name": "code",
          "indexId": "2:1220857736768336350",
          "type": 9,
          "flags": 2080
        },
        {
          "id": "3:3467890500294046770",
          "name": "name",
          "indexId": "3:2750302702286292428",
          "type": 9,
          "flags": 2080
        }
      ],
      "relations": []
    },
    {
      "id": "7:6812521106105860511",
      "lastPropertyId": "4:5031260200349358236",
      "name": "ServerOptionEntity",
      "properties": [
        {
          "id": "1:7508449140490300977",
          "name": "id",
          "type": 6,
          "flags": 1
        },
        {
          "id": "2:6267060958135915737",
          "name": "reference",
          "type": 9
        },
        {
          "id": "3:3359670557478745234",
          "name": "title",
          "type": 9
        },
        {
          "id": "4:5031260200349358236",
          "name": "description",
          "type": 9
        }
      ],
      "relations": []
    },
    {
      "id": "8:2367611273685851269",
      "lastPropertyId": "12:4063646416221110113",
      "name": "ServiceSettingsEntity",
      "properties": [
        {
          "id": "1:1804868413057440693",
          "name": "id",
          "type": 6,
          "flags": 131
        },
        {
          "id": "2:5109024491628754105",
          "name": "scopeTypeOrdinal",
          "type": 5,
          "flags": 2
        },
        {
          "id": "3:3628575488381501876",
          "name": "scopeId",
          "type": 6,
          "flags": 2
        },
        {
          "id": "4:802145402673186930",
          "name": "accountId",
          "type": 6,
          "flags": 2
        },
        {
          "id": "5:8844448560171257207",
          "name": "features",
          "type": 9
        },
        {
          "id": "7:1689792353872475345",
          "name": "cacheSize",
          "type": 6,
          "flags": 2
        },
        {
          "id": "8:8879326492141067500",
          "name": "serverId",
          "indexId": "4:1643378611665272118",
          "type": 11,
          "flags": 1548,
          "relationTarget": "ServerOptionEntity"
        },
        {
          "id": "9:6265813116280310045",
          "name": "apiId",
          "indexId": "5:674961098639699201",
          "type": 11,
          "flags": 1548,
          "relationTarget": "ApiServerOptionEntity"
        },
        {
          "id": "10:4777631701836833770",
          "name": "languageId",
          "indexId": "6:5000017010953164065",
          "type": 11,
          "flags": 1548,
          "relationTarget": "LanguageOptionEntity"
        },
        {
          "id": "11:3308811457327847902",
          "name": "deviceId",
          "indexId": "7:4584832812065669474",
          "type": 11,
          "flags": 1548,
          "relationTarget": "DeviceModelOptionEntity"
        },
        {
          "id": "12:4063646416221110113",
          "name": "bitrateId",
          "indexId": "49:6836194219897482293",
          "type": 11,
          "flags": 1548,
          "relationTarget": "StreamBitrateOptionEntity"
        }
      ],
      "relations": []
    },
    {
      "id": "9:931196039306914795",
      "lastPropertyId": "3:5397745176254905272",
      "name": "UserAccountEntity",
      "properties": [
        {
          "id": "1:2730573679629152970",
          "name": "id",
          "type": 6,
          "flags": 129
        },
        {
          "id": "2:7958347090815516257",
          "name": "loginName",
          "indexId": "8:5267593903782905111",
          "type": 9,
          "flags": 2080
        },
        {
          "id": "3:5397745176254905272",
          "name": "loginPassword",
          "type": 9
        }
      ],
      "relations": []
    },
    {
      "id": "10:3864533011390028661",
      "lastPropertyId": "6:2517252452161814677",
      "name": "SubscriptionEntity",
      "properties": [
        {
          "id": "1:7186739537652380285",
          "name": "id",
          "type": 6,
          "flags": 3
        },
        {
          "id": "2:1397946522981409799",
          "name": "serviceId",
          "type": 6,
          "flags": 2
        },
        {
          "id": "3:5036519449761102166",
          "name": "status",
          "type": 6,
          "flags": 2
        },
        {
          "id": "4:7196283238753449814",
          "name": "expirationDate",
          "type": 6,
          "flags": 2
        },
        {
          "id": "5:114872093838252028",
          "name": "userAccountId",
          "indexId": "9:2201112953473079472",
          "type": 11,
          "flags": 1548,
          "relationTarget": "UserAccountEntity"
        },
        {
          "id": "6:2517252452161814677",
          "name": "subscriptionPackageId",
          "indexId": "52:411808429823117814",
          "type": 11,
          "flags": 1548,
          "relationTarget": "SubscriptionPackageEntity"
        }
      ],
      "relations": []
    },
    {
      "id": "11:7548853952093258843",
      "lastPropertyId": "5:6359211002879463042",
      "name": "TvChannelFeaturesEntity",
      "properties": [
        {
          "id": "1:5143764899300325838",
          "name": "id",
          "type": 6,
          "flags": 1
        },
        {
          "id": "2:8110817001574952262",
          "name": "hasArchive",
          "type": 1,
          "flags": 4
        },
        {
          "id": "3:5552175567970204686",
          "name": "hasSchedule",
          "type": 1,
          "flags": 4
        },
        {
          "id": "4:362980706592077346",
          "name": "isPasswordProtected",
          "type": 1,
          "flags": 4
        },
        {
          "id": "5:6359211002879463042",
          "name": "hasMultipleLanguageAudioTracks",
          "type": 1,
          "flags": 4
        }
      ],
      "relations": []
    },
    {
      "id": "12:5333275090631258837",
      "lastPropertyId": "8:2504226672204678988",
      "name": "TvBrowseCursorEntity",
      "properties": [
        {
          "id": "1:6664927779948189161",
          "name": "id",
          "type": 6,
          "flags": 1
        },
        {
          "id": "2:1499098264890065942",
          "name": "userLoginName",
          "type": 9
        },
        {
          "id": "3:4142861287129257337",
          "name": "categoryId",
          "type": 6,
          "flags": 4
        },
        {
          "id": "4:956718798742177026",
          "name": "channelId",
          "type": 6,
          "flags": 4
        },
        {
          "id": "5:2296206911145927049",
          "name": "scheduleDate",
          "type": 6,
          "flags": 2
        },
        {
          "id": "6:1915569454771510590",
          "name": "programId",
          "type": 6,
          "flags": 4
        },
        {
          "id": "7:5393346112774333834",
          "name": "page",
          "type": 6,
          "flags": 2
        },
        {
          "id": "8:2504226672204678988",
          "name": "timeStamp",
          "type": 6,
          "flags": 4
        }
      ],
      "relations": []
    },
    {
      "id": "13:3648151268771809391",
      "lastPropertyId": "6:1299145035140951164",
      "name": "TvPlayCursorEntity",
      "properties": [
        {
          "id": "1:7790172154682278704",
          "name": "id",
          "type": 6,
          "flags": 1
        },
        {
          "id": "2:1379258572547658218",
          "name": "userLoginName",
          "type": 9
        },
        {
          "id": "3:703848875627506328",
          "name": "categoryId",
          "indexId": "10:1778488809960970071",
          "type": 6,
          "flags": 12
        },
        {
          "id": "4:2436969813872003941",
          "name": "timeStamp",
          "indexId": "11:2401437834638961022",
          "type": 6,
          "flags": 12
        },
        {
          "id": "5:2342818787522309137",
          "name": "seekTime",
          "type": 6,
          "flags": 4
        },
        {
          "id": "6:1299145035140951164",
          "name": "playbackId",
          "indexId": "12:2291924736627068908",
          "type": 11,
          "flags": 1548,
          "relationTarget": "TvPlaybackEntity"
        }
      ],
      "relations": []
    },
    {
      "id": "14:9073650664497765481",
      "lastPropertyId": "9:3985221165749055263",
      "name": "TvChannelEntity",
      "properties": [
        {
          "id": "1:7207931170003967529",
          "name": "id",
          "type": 6,
          "flags": 1
        },
        {
          "id": "2:1275001549055894429",
          "name": "categoryId",
          "indexId": "13:129368418527724416",
          "type": 6,
          "flags": 12
        },
        {
          "id": "3:7742431542884735376",
          "name": "logoUri",
          "type": 9
        },
        {
          "id": "4:6422431855481281808",
          "name": "number",
          "type": 5,
          "flags": 2
        },
        {
          "id": "5:3349006734042842431",
          "name": "title",
          "type": 9
        },
        {
          "id": "6:8752729805287414114",
          "name": "liveId",
          "indexId": "14:1212196685926900196",
          "type": 11,
          "flags": 1548,
          "relationTarget": "TvProgramLiveEntity"
        },
        {
          "id": "7:7556970945685594611",
          "name": "featuresId",
          "indexId": "15:3218255665153395918",
          "type": 11,
          "flags": 1548,
          "relationTarget": "TvChannelFeaturesEntity"
        },
        {
          "id": "8:7028081687478944280",
          "name": "directoryId",
          "indexId": "50:5765319275464692377",
          "type": 11,
          "flags": 1548,
          "relationTarget": "TvChannelDirectoryEntity"
        },
        {
          "id": "9:3985221165749055263",
          "name": "externalId",
          "indexId": "55:1122279534211987782",
          "type": 6,
          "flags": 12
        }
      ],
      "relations": []
    },
    {
      "id": "15:2777892118501201754",
      "lastPropertyId": "5:9006412866295979542",
      "name": "TvProgramLiveEntity",
      "properties": [
        {
          "id": "1:4453692234893667468",
          "name": "id",
          "type": 6,
          "flags": 1
        },
        {
          "id": "2:3977382355835818510",
          "name": "startMillis",
          "type": 6,
          "flags": 2
        },
        {
          "id": "3:5483911525380323087",
          "name": "endMillis",
          "type": 6,
          "flags": 2
        },
        {
          "id": "4:8468515272175543936",
          "name": "title",
          "type": 9
        },
        {
          "id": "5:9006412866295979542",
          "name": "description",
          "type": 9
        }
      ],
      "relations": []
    },
    {
      "id": "16:1120701491517031648",
      "lastPropertyId": "7:1776244713536520649",
      "name": "TvChannelCategoryEntity",
      "properties": [
        {
          "id": "1:7560210605107638987",
          "name": "id",
          "type": 6,
          "flags": 1
        },
        {
          "id": "2:478880922959734484",
          "name": "title",
          "type": 9
        },
        {
          "id": "3:6892525483574337262",
          "name": "ordinal",
          "indexId": "16:7421854861559634250",
          "type": 5,
          "flags": 10
        },
        {
          "id": "4:2162174665042241491",
          "name": "logoIconType",
          "type": 6,
          "flags": 2
        },
        {
          "id": "5:8115257039627923854",
          "name": "logoReference",
          "type": 9
        },
        {
          "id": "6:7662859908580661094",
          "name": "directoryId",
          "indexId": "51:569034786256716639",
          "type": 11,
          "flags": 1548,
          "relationTarget": "TvChannelDirectoryEntity"
        },
        {
          "id": "7:1776244713536520649",
          "name": "externalId",
          "type": 6,
          "flags": 4
        }
      ],
      "relations": []
    },
    {
      "id": "17:5478986246051678582",
      "lastPropertyId": "11:4201376823231414444",
      "name": "TvVideoStreamEntity",
      "properties": [
        {
          "id": "1:6616723750581422193",
          "name": "id",
          "type": 6,
          "flags": 1
        },
        {
          "id": "2:5009411472915147746",
          "name": "channelId",
          "indexId": "17:6595649659851724046",
          "type": 6,
          "flags": 12
        },
        {
          "id": "3:4258528241057604440",
          "name": "programId",
          "indexId": "18:802822218733217412",
          "type": 6,
          "flags": 12
        },
        {
          "id": "4:8778926876843676087",
          "name": "streamUri",
          "type": 9
        },
        {
          "id": "5:7436778570698435846",
          "name": "streamKind",
          "type": 5,
          "flags": 2
        },
        {
          "id": "6:3818263558197455229",
          "name": "subtitlesUri",
          "type": 9
        },
        {
          "id": "7:1208996280026135932",
          "name": "timeStamp",
          "indexId": "19:9086121970156683737",
          "type": 6,
          "flags": 12
        },
        {
          "id": "8:631064925370204585",
          "name": "accessCode",
          "type": 9
        },
        {
          "id": "9:7842611011002123824",
          "name": "start",
          "type": 6,
          "flags": 4
        },
        {
          "id": "10:7803940895632999377",
          "name": "end",
          "type": 6,
          "flags": 4
        },
        {
          "id": "11:4201376823231414444",
          "name": "title",
          "type": 9
        }
      ],
      "relations": []
    },
    {
      "id": "18:7827576397624404832",
      "lastPropertyId": "4:914388057678110888",
      "name": "TvChannelIndexEntity",
      "properties": [
        {
          "id": "1:1067167929576343019",
          "name": "id",
          "type": 6,
          "flags": 1
        },
        {
          "id": "2:6482479872001593665",
          "name": "categoryId",
          "indexId": "20:2192503611366888085",
          "type": 6,
          "flags": 12
        },
        {
          "id": "3:7470029599772316119",
          "name": "channelId",
          "type": 6,
          "flags": 4
        },
        {
          "id": "4:914388057678110888",
          "name": "directoryId",
          "indexId": "54:646846299404308821",
          "type": 11,
          "flags": 1548,
          "relationTarget": "TvChannelDirectoryEntity"
        }
      ],
      "relations": []
    },
    {
      "id": "19:8670188691990321320",
      "lastPropertyId": "3:8103714479666611107",
      "name": "TvFavoriteChannelEntity",
      "properties": [
        {
          "id": "1:6093603757931532575",
          "name": "id",
          "type": 6,
          "flags": 1
        },
        {
          "id": "2:4096459255837478077",
          "name": "channelId",
          "type": 6,
          "flags": 4
        },
        {
          "id": "3:8103714479666611107",
          "name": "userLoginName",
          "type": 9
        }
      ],
      "relations": []
    },
    {
      "id": "20:1196921123277865862",
      "lastPropertyId": "10:922285313568679457",
      "name": "TvPlaybackEntity",
      "properties": [
        {
          "id": "1:5649750994905979053",
          "name": "id",
          "type": 6,
          "flags": 1
        },
        {
          "id": "2:3178419837120690952",
          "name": "channelId",
          "indexId": "21:3628513707875698649",
          "type": 6,
          "flags": 12
        },
        {
          "id": "3:3513984153725114890",
          "name": "programId",
          "indexId": "22:6759569191421864397",
          "type": 6,
          "flags": 12
        },
        {
          "id": "4:6670159158716559756",
          "name": "start",
          "type": 6,
          "flags": 4
        },
        {
          "id": "5:6570137039684605531",
          "name": "end",
          "type": 6,
          "flags": 4
        },
        {
          "id": "6:4372554179050053071",
          "name": "title",
          "type": 9
        },
        {
          "id": "7:3491173490283979289",
          "name": "description",
          "type": 9
        },
        {
          "id": "8:3153840273009122521",
          "name": "streamUri",
          "type": 9
        },
        {
          "id": "9:9202299595404608431",
          "name": "streamKind",
          "type": 5,
          "flags": 2
        },
        {
          "id": "10:922285313568679457",
          "name": "subtitlesUri",
          "type": 9
        }
      ],
      "relations": []
    },
    {
      "id": "21:7377917819151837208",
      "lastPropertyId": "8:8213966895851582823",
      "name": "TvProgramIssueEntity",
      "properties": [
        {
          "id": "1:3224160289963819777",
          "name": "id",
          "type": 6,
          "flags": 1
        },
        {
          "id": "2:2341164726412477392",
          "name": "channelId",
          "indexId": "23:5132958791598049786",
          "type": 6,
          "flags": 12
        },
        {
          "id": "3:2852783871810918763",
          "name": "startMillis",
          "indexId": "24:6429180846754416895",
          "type": 6,
          "flags": 10
        },
        {
          "id": "4:8177458447197998324",
          "name": "endMillis",
          "type": 6,
          "flags": 2
        },
        {
          "id": "5:6911813225052688245",
          "name": "programId",
          "indexId": "25:9123757302507502698",
          "type": 6,
          "flags": 10
        },
        {
          "id": "6:4452878529353788826",
          "name": "scheduleId",
          "indexId": "26:3660102985769145731",
          "type": 6,
          "flags": 10
        },
        {
          "id": "7:1785806580327825216",
          "name": "title",
          "type": 9
        },
        {
          "id": "8:8213966895851582823",
          "name": "description",
          "type": 9
        }
      ],
      "relations": []
    },
    {
      "id": "22:1487313990598250909",
      "lastPropertyId": "12:7297376806861715205",
      "name": "VodPlaybackEntity",
      "properties": [
        {
          "id": "1:6183784522144269938",
          "name": "id",
          "type": 6,
          "flags": 1
        },
        {
          "id": "2:3202327547778738252",
          "name": "sectionId",
          "indexId": "27:7113333676949177226",
          "type": 6,
          "flags": 12
        },
        {
          "id": "3:3916636513026933109",
          "name": "unitId",
          "indexId": "28:6280847529693038262",
          "type": 6,
          "flags": 12
        },
        {
          "id": "4:7631832395020838058",
          "name": "itemId",
          "indexId": "29:1980952876453132405",
          "type": 6,
          "flags": 12
        },
        {
          "id": "5:1110149026807366916",
          "name": "seriesId",
          "type": 6,
          "flags": 2
        },
        {
          "id": "6:7462902697507282085",
          "name": "title",
          "type": 9
        },
        {
          "id": "7:4522902615653662789",
          "name": "description",
          "type": 9
        },
        {
          "id": "8:8607199074933992433",
          "name": "season",
          "type": 5,
          "flags": 2
        },
        {
          "id": "9:5255151351105881397",
          "name": "series",
          "type": 5,
          "flags": 2
        },
        {
          "id": "10:1375104165541315082",
          "name": "streamUri",
          "type": 9
        },
        {
          "id": "11:6579649628193689748",
          "name": "streamKind",
          "type": 5,
          "flags": 2
        },
        {
          "id": "12:7297376806861715205",
          "name": "subtitlesUri",
          "type": 9
        }
      ],
      "relations": []
    },
    {
      "id": "23:3157690615493313544",
      "lastPropertyId": "4:4317397593068604333",
      "name": "VodGenreEntity",
      "properties": [
        {
          "id": "1:2235834177493452551",
          "name": "id",
          "type": 6,
          "flags": 1
        },
        {
          "id": "2:1899632412001208527",
          "name": "genreId",
          "type": 6,
          "flags": 2
        },
        {
          "id": "3:4587857030371744977",
          "name": "title",
          "type": 9
        },
        {
          "id": "4:4317397593068604333",
          "name": "vodAttributesId",
          "indexId": "30:5476789883616732767",
          "type": 11,
          "flags": 1548,
          "relationTarget": "VodAttributesEntity"
        }
      ],
      "relations": []
    },
    {
      "id": "24:3609946175519326938",
      "lastPropertyId": "8:1903519545229628543",
      "name": "VodBrowseCursorEntity",
      "properties": [
        {
          "id": "1:1070107339751098131",
          "name": "id",
          "type": 6,
          "flags": 1
        },
        {
          "id": "2:7156949560856021082",
          "name": "userLoginName",
          "type": 9
        },
        {
          "id": "3:4745148493194668746",
          "name": "sectionId",
          "type": 6,
          "flags": 4
        },
        {
          "id": "4:4760534550221344384",
          "name": "unitId",
          "type": 6,
          "flags": 4
        },
        {
          "id": "5:3222771860470469141",
          "name": "itemId",
          "type": 6,
          "flags": 4
        },
        {
          "id": "6:9194404931377854697",
          "name": "itemPosition",
          "type": 5,
          "flags": 4
        },
        {
          "id": "7:3988134981026731562",
          "name": "page",
          "type": 6,
          "flags": 2
        },
        {
          "id": "8:1903519545229628543",
          "name": "timeStamp",
          "type": 6,
          "flags": 4
        }
      ],
      "relations": []
    },
    {
      "id": "25:3950709446493486206",
      "lastPropertyId": "4:4319037363593525754",
      "name": "VodCreditEntity",
      "properties": [
        {
          "id": "1:3595233623168316650",
          "name": "id",
          "type": 6,
          "flags": 1
        },
        {
          "id": "2:1822866861669224259",
          "name": "name",
          "type": 9
        },
        {
          "id": "3:3177669091287029419",
          "name": "role",
          "type": 5,
          "flags": 2
        },
        {
          "id": "4:4319037363593525754",
          "name": "vodAttributesId",
          "indexId": "31:1077564320301556307",
          "type": 11,
          "flags": 1548,
          "relationTarget": "VodAttributesEntity"
        }
      ],
      "relations": []
    },
    {
      "id": "26:7858678533785155894",
      "lastPropertyId": "3:2179144313321672714",
      "name": "VideoSerialEntity",
      "properties": [
        {
          "id": "1:6278629053799370740",
          "name": "id",
          "type": 6,
          "flags": 129
        },
        {
          "id": "2:7157472500694852779",
          "name": "title",
          "type": 9
        },
        {
          "id": "3:2179144313321672714",
          "name": "description",
          "type": 9
        }
      ],
      "relations": []
    },
    {
      "id": "27:2560672503521196576",
      "lastPropertyId": "5:1465938966062953409",
      "name": "VodUnitEntity",
      "properties": [
        {
          "id": "1:7403296846865390307",
          "name": "id",
          "type": 6,
          "flags": 129
        },
        {
          "id": "2:7506492386675167319",
          "name": "title",
          "type": 9
        },
        {
          "id": "3:7072875133457106734",
          "name": "total",
          "type": 5,
          "flags": 2
        },
        {
          "id": "4:3968762100403027050",
          "name": "ordinal",
          "type": 5,
          "flags": 2
        },
        {
          "id": "5:1465938966062953409",
          "name": "sectionId",
          "indexId": "32:4023734564948433197",
          "type": 11,
          "flags": 1548,
          "relationTarget": "VodSectionEntity"
        }
      ],
      "relations": []
    },
    {
      "id": "28:6905970944186166658",
      "lastPropertyId": "8:1499434785832066846",
      "name": "VodAttributesEntity",
      "properties": [
        {
          "id": "1:619441889224571300",
          "name": "id",
          "type": 6,
          "flags": 1
        },
        {
          "id": "2:5602570838599514802",
          "name": "durationMillis",
          "type": 6,
          "flags": 2
        },
        {
          "id": "3:7387129185952065976",
          "name": "year",
          "type": 9
        },
        {
          "id": "4:9103601594990752562",
          "name": "country",
          "type": 9
        },
        {
          "id": "5:734041513312047835",
          "name": "quality",
          "type": 9
        },
        {
          "id": "6:6591873710224850487",
          "name": "ageLimit",
          "type": 9
        },
        {
          "id": "7:7029986054754640685",
          "name": "kinopoiskRate",
          "type": 9
        },
        {
          "id": "8:1499434785832066846",
          "name": "imdbRate",
          "type": 9
        }
      ],
      "relations": []
    },
    {
      "id": "29:8430815793637195215",
      "lastPropertyId": "8:1094049522775646795",
      "name": "VideoSeriesEntity",
      "properties": [
        {
          "id": "1:2053599817498007531",
          "name": "id",
          "type": 6,
          "flags": 129
        },
        {
          "id": "2:1540549427436990806",
          "name": "season",
          "type": 5,
          "flags": 2
        },
        {
          "id": "3:7887354482505737645",
          "name": "episode",
          "type": 5,
          "flags": 2
        },
        {
          "id": "4:2165933664517484864",
          "name": "title",
          "type": 9
        },
        {
          "id": "5:1324906179513350186",
          "name": "description",
          "type": 9
        },
        {
          "id": "6:4530608458432801031",
          "name": "uri",
          "type": 9
        },
        {
          "id": "7:7036559552726826834",
          "name": "durationMillis",
          "type": 6,
          "flags": 2
        },
        {
          "id": "8:1094049522775646795",
          "name": "videoSerialId",
          "indexId": "33:7577524912093624378",
          "type": 11,
          "flags": 1548,
          "relationTarget": "VideoSerialEntity"
        }
      ],
      "relations": []
    },
    {
      "id": "30:8584457409358854889",
      "lastPropertyId": "5:7613362196247085006",
      "name": "VodVideoSingleStreamEntity",
      "properties": [
        {
          "id": "1:543122227674157053",
          "name": "id",
          "type": 6,
          "flags": 1
        },
        {
          "id": "2:1898004587086010820",
          "name": "vodItemId",
          "indexId": "34:2796818265303590994",
          "type": 6,
          "flags": 10
        },
        {
          "id": "3:8045062766975576709",
          "name": "streamUri",
          "type": 9
        },
        {
          "id": "4:5599776558700077730",
          "name": "subtitlesUri",
          "type": 9
        },
        {
          "id": "5:7613362196247085006",
          "name": "timeStamp",
          "indexId": "35:7176730677731858494",
          "type": 6,
          "flags": 12
        }
      ],
      "relations": []
    },
    {
      "id": "31:5036497217086977872",
      "lastPropertyId": "6:6036344581290232689",
      "name": "VodTrackEntity",
      "properties": [
        {
          "id": "1:999594227581641360",
          "name": "id",
          "type": 6,
          "flags": 1
        },
        {
          "id": "2:4457487503048643214",
          "name": "type",
          "type": 5,
          "flags": 2
        },
        {
          "id": "3:123273774654103729",
          "name": "languageCode",
          "type": 9
        },
        {
          "id": "4:4146195155767673707",
          "name": "title",
          "type": 9
        },
        {
          "id": "5:307007928955373918",
          "name": "videoSingleId",
          "indexId": "36:281640699069902629",
          "type": 11,
          "flags": 1548,
          "relationTarget": "VideoSingleEntity"
        },
        {
          "id": "6:6036344581290232689",
          "name": "videoSeriesId",
          "indexId": "37:8798774309006827375",
          "type": 11,
          "flags": 1548,
          "relationTarget": "VideoSeriesEntity"
        }
      ],
      "relations": []
    },
    {
      "id": "32:9037686402223456001",
      "lastPropertyId": "6:3725763960769898582",
      "name": "VodListingPageEntity",
      "properties": [
        {
          "id": "1:7200220570831398471",
          "name": "id",
          "type": 6,
          "flags": 1
        },
        {
          "id": "2:40651120306681655",
          "name": "sectionId",
          "type": 6,
          "flags": 2
        },
        {
          "id": "3:4794852501899916686",
          "name": "unitId",
          "type": 6,
          "flags": 2
        },
        {
          "id": "4:4173372834595793898",
          "name": "total",
          "type": 5,
          "flags": 2
        },
        {
          "id": "5:3767187059467783683",
          "name": "start",
          "type": 5,
          "flags": 4
        },
        {
          "id": "6:3725763960769898582",
          "name": "timeStamp",
          "type": 6,
          "flags": 2
        }
      ],
      "relations": []
    },
    {
      "id": "33:4393407391752242451",
      "lastPropertyId": "3:7345577380787466735",
      "name": "VodPosterEntity",
      "properties": [
        {
          "id": "1:3590109658700364727",
          "name": "id",
          "type": 6,
          "flags": 1
        },
        {
          "id": "2:6373730891492794632",
          "name": "uri",
          "type": 9
        },
        {
          "id": "3:7345577380787466735",
          "name": "videoSingleId",
          "indexId": "38:2724402639351170066",
          "type": 11,
          "flags": 1548,
          "relationTarget": "VodListingItemEntity"
        }
      ],
      "relations": []
    },
    {
      "id": "34:1708565881988509165",
      "lastPropertyId": "7:4240356727607542751",
      "name": "VodListingItemEntity",
      "properties": [
        {
          "id": "1:1023828019910397102",
          "name": "id",
          "type": 6,
          "flags": 129
        },
        {
          "id": "2:6626181774531033861",
          "name": "title",
          "type": 9
        },
        {
          "id": "3:2962790574517778776",
          "name": "description",
          "type": 9
        },
        {
          "id": "4:904810628719943307",
          "name": "timeStamp",
          "type": 6,
          "flags": 2
        },
        {
          "id": "5:439710828829974311",
          "name": "videoSingleId",
          "indexId": "39:6186358234229935547",
          "type": 11,
          "flags": 1548,
          "relationTarget": "VideoSingleEntity"
        },
        {
          "id": "6:3621135028096535618",
          "name": "videoSerialId",
          "indexId": "40:3982188338873789887",
          "type": 11,
          "flags": 1548,
          "relationTarget": "VideoSerialEntity"
        },
        {
          "id": "7:4240356727607542751",
          "name": "attributesId",
          "indexId": "41:8557031241201278178",
          "type": 11,
          "flags": 1548,
          "relationTarget": "VodAttributesEntity"
        }
      ],
      "relations": [
        {
          "id": "1:8314157516301926485",
          "name": "listingPages",
          "targetId": "32:9037686402223456001"
        }
      ]
    },
    {
      "id": "35:6861441475078731833",
      "lastPropertyId": "5:5371735180338065384",
      "name": "VodVideoSeriesStreamEntity",
      "properties": [
        {
          "id": "1:5527912637226849603",
          "name": "id",
          "type": 6,
          "flags": 1
        },
        {
          "id": "2:442860863977375975",
          "name": "seriesId",
          "indexId": "42:4775025490952371911",
          "type": 6,
          "flags": 10
        },
        {
          "id": "3:2727136556576399434",
          "name": "streamUri",
          "type": 9
        },
        {
          "id": "4:3676403655406761269",
          "name": "subtitlesUri",
          "type": 9
        },
        {
          "id": "5:5371735180338065384",
          "name": "timeStamp",
          "indexId": "43:3068567906105545253",
          "type": 6,
          "flags": 12
        }
      ],
      "relations": []
    },
    {
      "id": "36:2533577690131207378",
      "lastPropertyId": "5:5785826395731486182",
      "name": "VodSectionEntity",
      "properties": [
        {
          "id": "1:7005138346899568414",
          "name": "id",
          "type": 6,
          "flags": 129
        },
        {
          "id": "2:4112628877385839965",
          "name": "title",
          "type": 9
        },
        {
          "id": "3:1463973492186612198",
          "name": "ordinal",
          "type": 5,
          "flags": 2
        },
        {
          "id": "4:230035434128185507",
          "name": "isSectionSubstitute",
          "type": 1,
          "flags": 2
        },
        {
          "id": "5:5785826395731486182",
          "name": "directoryId",
          "indexId": "44:6814263024531300282",
          "type": 11,
          "flags": 1548,
          "relationTarget": "VodDirectoryEntity"
        }
      ],
      "relations": []
    },
    {
      "id": "37:1192430225911425477",
      "lastPropertyId": "5:2863417775840312183",
      "name": "VodPlayCursorEntity",
      "properties": [
        {
          "id": "1:2361462003760011788",
          "name": "id",
          "type": 6,
          "flags": 1
        },
        {
          "id": "2:3508423077279581329",
          "name": "userLoginName",
          "type": 9
        },
        {
          "id": "3:7112337425927135136",
          "name": "timeStamp",
          "indexId": "45:6593106916369184581",
          "type": 6,
          "flags": 12
        },
        {
          "id": "4:3474955328427840538",
          "name": "seekTime",
          "type": 6,
          "flags": 4
        },
        {
          "id": "5:2863417775840312183",
          "name": "playbackId",
          "indexId": "46:20016970959782834",
          "type": 11,
          "flags": 1548,
          "relationTarget": "VodPlaybackEntity"
        }
      ],
      "relations": []
    },
    {
      "id": "38:4213386809694085813",
      "lastPropertyId": "4:3004258164196028368",
      "name": "VodListingOrderEntity",
      "properties": [
        {
          "id": "1:5224604808585532636",
          "name": "id",
          "type": 6,
          "flags": 1
        },
        {
          "id": "2:2327994435788585749",
          "name": "pageId",
          "indexId": "47:814321312665487143",
          "type": 6,
          "flags": 10
        },
        {
          "id": "3:7042056354631132359",
          "name": "itemId",
          "indexId": "48:6031296583154067204",
          "type": 6,
          "flags": 10
        },
        {
          "id": "4:3004258164196028368",
          "name": "ordinal",
          "type": 5,
          "flags": 2
        }
      ],
      "relations": []
    },
    {
      "id": "39:8029009042794975448",
      "lastPropertyId": "2:27117322355773980",
      "name": "VodDirectoryEntity",
      "properties": [
        {
          "id": "1:5005619806694023821",
          "name": "id",
          "type": 6,
          "flags": 129
        },
        {
          "id": "2:27117322355773980",
          "name": "timeStamp",
          "type": 6,
          "flags": 2
        }
      ],
      "relations": []
    },
    {
      "id": "40:2491722352469624157",
      "lastPropertyId": "5:2585338539398693542",
      "name": "VideoSingleEntity",
      "properties": [
        {
          "id": "1:7374261581927002500",
          "name": "id",
          "type": 6,
          "flags": 129
        },
        {
          "id": "2:7637057470240196588",
          "name": "title",
          "type": 9
        },
        {
          "id": "3:6331534288869610759",
          "name": "description",
          "type": 9
        },
        {
          "id": "4:3646650014266883954",
          "name": "uri",
          "type": 9
        },
        {
          "id": "5:2585338539398693542",
          "name": "durationMillis",
          "type": 6,
          "flags": 2
        }
      ],
      "relations": []
    },
    {
      "id": "41:3631394356568834495",
      "lastPropertyId": "6:8051602431888930992",
      "name": "TvChannelDirectoryEntity",
      "properties": [
        {
          "id": "1:5063618861657368950",
          "name": "id",
          "type": 6,
          "flags": 1
        },
        {
          "id": "2:6607831063670410746",
          "name": "language",
          "type": 9
        },
        {
          "id": "4:8877742537493364193",
          "name": "timeStamp",
          "type": 6,
          "flags": 4
        },
        {
          "id": "5:4975294445937213264",
          "name": "timeShift",
          "type": 5,
          "flags": 2
        },
        {
          "id": "6:8051602431888930992",
          "name": "subscriptionPackageId",
          "indexId": "53:1836615269920756711",
          "type": 11,
          "flags": 1548,
          "relationTarget": "SubscriptionPackageEntity"
        }
      ],
      "relations": []
    },
    {
      "id": "42:3622970138221705173",
      "lastPropertyId": "4:4986420894673187837",
      "name": "SubscriptionPackageEntity",
      "properties": [
        {
          "id": "1:1900027522318277126",
          "name": "id",
          "type": 6,
          "flags": 129
        },
        {
          "id": "2:6594128227686355000",
          "name": "title",
          "type": 9
        },
        {
          "id": "3:6468445934968575685",
          "name": "termMonths",
          "type": 5,
          "flags": 2
        },
        {
          "id": "4:4986420894673187837",
          "name": "packets",
          "type": 9
        }
      ],
      "relations": []
    }
  ],
  "lastEntityId": "42:3622970138221705173",
  "lastIndexId": "55:1122279534211987782",
  "lastRelationId": "1:8314157516301926485",
  "lastSequenceId": "0:0",
  "modelVersion": 5,
  "modelVersionParserMinimum": 5,
  "retiredEntityUids": [],
  "retiredIndexUids": [],
  "retiredPropertyUids": [
    4500013042598815912,
    5187824847387083137
  ],
  "retiredRelationUids": [],
  "version": 1
}